weather_station_id,weather_station_name,province,latitude,longitude,forecast_time_utc,forecast_time_vn,precip_3h_mm,avg_precip_1h_mm,precip_24h_mm,exceed_1h_threshold,exceed_24h_threshold,flood_risk
WS_AnGiang_04,Trạm Khí tượng Rạch Giá,An Giang,10.0118,105.0772,2026-06-25T21:00:00+00:00,2026-06-26T04:00:00+07:00,0,0.0,0,False,False,SAFE
WS_AnGiang_04,Trạm Khí tượng Rạch Giá,An Giang,10.0118,105.0772,2026-06-26T00:00:00+00:00,2026-06-26T07:00:00+07:00,3.2050465346231913,1.0683488448743972,3.2050465346231913,False,False,SAFE
WS_AnGiang_04,Trạm Khí tượng Rạch Giá,An Giang,10.0118,105.0772,2026-06-26T03:00:00+00:00,2026-06-26T10:00:00+07:00,0.6700798837245229,0.22335996124150762,3.875126418347714,False,False,SAFE
WS_AnGiang_04,Trạm Khí tượng Rạch Giá,An Giang,10.0118,105.0772,2026-06-26T06:00:00+00:00,2026-06-26T13:00:00+07:00,1.9767115955077628,0.6589038651692543,5.851838013855477,False,False,SAFE
WS_AnGiang_04,Trạm Khí tượng Rạch Giá,An Giang,10.0118,105.0772,2026-06-26T09:00:00+00:00,2026-06-26T16:00:00+07:00,0.16117600024415973,0.05372533341471991,6.013014014099636,False,False,SAFE
WS_AnGiang_04,Trạm Khí tượng Rạch Giá,An Giang,10.0118,105.0772,2026-06-26T12:00:00+00:00,2026-06-26T19:00:00+07:00,1.0871910184027054,0.36239700613423514,7.100205032502341,False,False,SAFE
WS_AnGiang_04,Trạm Khí tượng Rạch Giá,An Giang,10.0118,105.0772,2026-06-26T15:00:00+00:00,2026-06-26T22:00:00+07:00,0.08205323648793589,0.027351078829311964,7.182258268990277,False,False,SAFE
WS_AnGiang_04,Trạm Khí tượng Rạch Giá,An Giang,10.0118,105.0772,2026-06-26T18:00:00+00:00,2026-06-27T01:00:00+07:00,0.8507851863155625,0.28359506210518753,8.03304345530584,False,False,SAFE
WS_AnGiang_04,Trạm Khí tượng Rạch Giá,An Giang,10.0118,105.0772,2026-06-26T21:00:00+00:00,2026-06-27T04:00:00+07:00,0,0.0,8.03304345530584,False,False,SAFE
WS_AnGiang_04,Trạm Khí tượng Rạch Giá,An Giang,10.0118,105.0772,2026-06-27T00:00:00+00:00,2026-06-27T07:00:00+07:00,0,0.0,4.827996920682649,False,False,SAFE
WS_AnGiang_04,Trạm Khí tượng Rạch Giá,An Giang,10.0118,105.0772,2026-06-27T03:00:00+00:00,2026-06-27T10:00:00+07:00,7.324802783287813,2.4416009277626043,11.48271982024594,False,False,SAFE
WS_AnGiang_04,Trạm Khí tượng Rạch Giá,An Giang,10.0118,105.0772,2026-06-27T06:00:00+00:00,2026-06-27T13:00:00+07:00,1.3634239860224941,0.45447466200749803,10.869432210760673,False,False,SAFE
WS_AnGiang_04,Trạm Khí tượng Rạch Giá,An Giang,10.0118,105.0772,2026-06-27T09:00:00+00:00,2026-06-27T16:00:00+07:00,0.9321919949950073,0.31073066499833574,11.640448205511518,False,False,SAFE
WS_AnGiang_04,Trạm Khí tượng Rạch Giá,An Giang,10.0118,105.0772,2026-06-27T12:00:00+00:00,2026-06-27T19:00:00+07:00,10.800724117252187,3.6002413724173956,21.353981304361,False,False,SAFE
WS_AnGiang_04,Trạm Khí tượng Rạch Giá,An Giang,10.0118,105.0772,2026-06-27T15:00:00+00:00,2026-06-27T22:00:00+07:00,5.134870566423652,1.7116235221412175,26.406798634296713,False,False,SAFE
WS_AnGiang_04,Trạm Khí tượng Rạch Giá,An Giang,10.0118,105.0772,2026-06-27T18:00:00+00:00,2026-06-28T01:00:00+07:00,6.201383077486564,2.067127692495521,31.757396525467716,False,False,SAFE
WS_AnGiang_04,Trạm Khí tượng Rạch Giá,An Giang,10.0118,105.0772,2026-06-27T21:00:00+00:00,2026-06-28T04:00:00+07:00,1.1120641239662006,0.37068804132206684,32.86946064943392,False,False,SAFE
WS_AnGiang_04,Trạm Khí tượng Rạch Giá,An Giang,10.0118,105.0772,2026-06-28T00:00:00+00:00,2026-06-28T07:00:00+07:00,2.2497124240852435,0.7499041413617479,35.119173073519164,False,False,SAFE
WS_AnGiang_04,Trạm Khí tượng Rạch Giá,An Giang,10.0118,105.0772,2026-06-28T03:00:00+00:00,2026-06-28T10:00:00+07:00,16.62750946226361,5.54250315408787,44.42187975249496,False,False,SAFE
WS_AnGiang_04,Trạm Khí tượng Rạch Giá,An Giang,10.0118,105.0772,2026-06-28T06:00:00+00:00,2026-06-28T13:00:00+07:00,2.6153032624286574,0.8717677541428858,45.67375902890112,False,False,SAFE
WS_AnGiang_04,Trạm Khí tượng Rạch Giá,An Giang,10.0118,105.0772,2026-06-28T09:00:00+00:00,2026-06-28T16:00:00+07:00,2.017400634785144,0.6724668782617146,46.758967668691255,False,False,SAFE
WS_AnGiang_04,Trạm Khí tượng Rạch Giá,An Giang,10.0118,105.0772,2026-06-28T12:00:00+00:00,2026-06-28T19:00:00+07:00,3.7340184102906866,1.2446728034302288,39.692261961729756,False,False,SAFE
WS_AnGiang_04,Trạm Khí tượng Rạch Giá,An Giang,10.0118,105.0772,2026-06-28T15:00:00+00:00,2026-06-28T22:00:00+07:00,2.657680196539215,0.8858933988464051,37.21507159184532,False,False,SAFE
WS_AnGiang_04,Trạm Khí tượng Rạch Giá,An Giang,10.0118,105.0772,2026-06-28T18:00:00+00:00,2026-06-29T01:00:00+07:00,3.849017917417009,1.2830059724723364,34.86270643177577,False,False,SAFE
WS_AnGiang_04,Trạm Khí tượng Rạch Giá,An Giang,10.0118,105.0772,2026-06-28T21:00:00+00:00,2026-06-29T04:00:00+07:00,3.761247386089736,1.2537491286965787,37.5118896938993,False,False,SAFE
WS_AnGiang_04,Trạm Khí tượng Rạch Giá,An Giang,10.0118,105.0772,2026-06-29T00:00:00+00:00,2026-06-29T07:00:00+07:00,10.470284586626978,3.4900948622089927,45.732461856441034,False,False,SAFE
WS_AnGiang_04,Trạm Khí tượng Rạch Giá,An Giang,10.0118,105.0772,2026-06-29T03:00:00+00:00,2026-06-29T10:00:00+07:00,0,0.0,29.104952394177424,False,False,SAFE
WS_AnGiang_04,Trạm Khí tượng Rạch Giá,An Giang,10.0118,105.0772,2026-06-29T06:00:00+00:00,2026-06-29T13:00:00+07:00,5.017974871059204,1.672658290353068,31.507624002807972,False,False,SAFE
WS_AnGiang_04,Trạm Khí tượng Rạch Giá,An Giang,10.0118,105.0772,2026-06-29T09:00:00+00:00,2026-06-29T16:00:00+07:00,0,0.0,29.490223368022825,False,False,SAFE
WS_AnGiang_04,Trạm Khí tượng Rạch Giá,An Giang,10.0118,105.0772,2026-06-29T12:00:00+00:00,2026-06-29T19:00:00+07:00,0,0.0,25.756204957732145,False,False,SAFE
WS_AnGiang_04,Trạm Khí tượng Rạch Giá,An Giang,10.0118,105.0772,2026-06-29T15:00:00+00:00,2026-06-29T22:00:00+07:00,0.07912276375622387,0.026374254585407958,23.17764752494915,False,False,SAFE
WS_AnGiang_04,Trạm Khí tượng Rạch Giá,An Giang,10.0118,105.0772,2026-06-29T18:00:00+00:00,2026-06-30T01:00:00+07:00,0.367250003051879,0.12241666768395966,19.695879610584022,False,False,SAFE
WS_AnGiang_04,Trạm Khí tượng Rạch Giá,An Giang,10.0118,105.0772,2026-06-29T21:00:00+00:00,2026-06-30T04:00:00+07:00,0.11035959196753399,0.03678653065584466,16.04499181646182,False,False,SAFE
WS_AnGiang_04,Trạm Khí tượng Rạch Giá,An Giang,10.0118,105.0772,2026-06-30T00:00:00+00:00,2026-06-30T07:00:00+07:00,4.781432570879169,1.5938108569597231,10.356139800714011,False,False,SAFE
WS_AnGiang_04,Trạm Khí tượng Rạch Giá,An Giang,10.0118,105.0772,2026-06-30T03:00:00+00:00,2026-06-30T10:00:00+07:00,3.6229477477340026,1.2076492492446675,13.979087548448014,False,False,SAFE
WS_AnGiang_04,Trạm Khí tượng Rạch Giá,An Giang,10.0118,105.0772,2026-06-30T06:00:00+00:00,2026-06-30T13:00:00+07:00,5.932569664601689,1.9775232215338965,14.893682341990498,False,False,SAFE
WS_AnGiang_04,Trạm Khí tượng Rạch Giá,An Giang,10.0118,105.0772,2026-06-30T09:00:00+00:00,2026-06-30T16:00:00+07:00,0.6632995742667804,0.22109985808892682,15.556981916257278,False,False,SAFE
WS_AnGiang_04,Trạm Khí tượng Rạch Giá,An Giang,10.0118,105.0772,2026-06-30T12:00:00+00:00,2026-06-30T19:00:00+07:00,0.018674581133453726,0.0062248603778179085,15.575656497390732,False,False,SAFE
WS_AnGiang_04,Trạm Khí tượng Rạch Giá,An Giang,10.0118,105.0772,2026-06-30T15:00:00+00:00,2026-06-30T22:00:00+07:00,0.08205323648793589,0.027351078829311964,15.578586970122442,False,False,SAFE
WS_AnGiang_04,Trạm Khí tượng Rạch Giá,An Giang,10.0118,105.0772,2026-06-30T18:00:00+00:00,2026-07-01T01:00:00+07:00,0.00667975402081722,0.00222658467360574,15.21801672109138,False,False,SAFE
WS_AnGiang_04,Trạm Khí tượng Rạch Giá,An Giang,10.0118,105.0772,2026-06-30T21:00:00+00:00,2026-07-01T04:00:00+07:00,0,0.0,15.107657129123847,False,False,SAFE
WS_AnGiang_04,Trạm Khí tượng Rạch Giá,An Giang,10.0118,105.0772,2026-07-01T00:00:00+00:00,2026-07-01T07:00:00+07:00,3.171310185552642,1.0571033951842141,13.49753474379732,False,False,SAFE
WS_AnGiang_04,Trạm Khí tượng Rạch Giá,An Giang,10.0118,105.0772,2026-07-01T03:00:00+00:00,2026-07-01T10:00:00+07:00,3.3881938978240402,1.1293979659413467,13.26278089388736,False,False,SAFE
WS_AnGiang_04,Trạm Khí tượng Rạch Giá,An Giang,10.0118,105.0772,2026-07-01T06:00:00+00:00,2026-07-01T13:00:00+07:00,12.823540380565492,4.274513460188497,20.153751609851163,False,False,SAFE
WS_AnGiang_04,Trạm Khí tượng Rạch Giá,An Giang,10.0118,105.0772,2026-07-01T09:00:00+00:00,2026-07-01T16:00:00+07:00,4.5089201544235324,1.5029733848078441,23.999372190007914,False,False,SAFE
WS_AnGiang_04,Trạm Khí tượng Rạch Giá,An Giang,10.0118,105.0772,2026-07-01T12:00:00+00:00,2026-07-01T19:00:00+07:00,0,0.0,23.980697608874458,False,False,SAFE
WS_AnGiang_04,Trạm Khí tượng Rạch Giá,An Giang,10.0118,105.0772,2026-07-01T15:00:00+00:00,2026-07-01T22:00:00+07:00,8.639787778862821,2.8799292596209405,32.538432151249346,False,False,SAFE
WS_AnGiang_04,Trạm Khí tượng Rạch Giá,An Giang,10.0118,105.0772,2026-07-01T18:00:00+00:00,2026-07-02T01:00:00+07:00,4.773912460707431,1.5913041535691435,37.30566485793596,False,False,SAFE
WS_AnGiang_04,Trạm Khí tượng Rạch Giá,An Giang,10.0118,105.0772,2026-07-01T21:00:00+00:00,2026-07-02T04:00:00+07:00,2.181219806512674,0.727073268837558,39.48688466444863,False,False,SAFE
WS_AnGiang_04,Trạm Khí tượng Rạch Giá,An Giang,10.0118,105.0772,2026-07-02T00:00:00+00:00,2026-07-02T07:00:00+07:00,0.8507205435347174,0.2835735145115725,37.16629502243071,False,False,SAFE
WS_AnGiang_04,Trạm Khí tượng Rạch Giá,An Giang,10.0118,105.0772,2026-07-02T03:00:00+00:00,2026-07-02T10:00:00+07:00,0.09670560014646838,0.03223520004882279,33.87480672475314,False,False,SAFE
WS_AnGiang_04,Trạm Khí tượng Rạch Giá,An Giang,10.0118,105.0772,2026-07-02T06:00:00+00:00,2026-07-02T13:00:00+07:00,5.301555568102186,1.7671851893673953,26.352821912289826,False,False,SAFE
WS_AnGiang_04,Trạm Khí tượng Rạch Giá,An Giang,10.0118,105.0772,2026-07-02T09:00:00+00:00,2026-07-02T16:00:00+07:00,1.9789669103061474,0.6596556367687157,23.822868668172447,False,False,SAFE
WS_AnGiang_04,Trạm Khí tượng Rạch Giá,An Giang,10.0118,105.0772,2026-07-02T12:00:00+00:00,2026-07-02T19:00:00+07:00,6.716392112491269,2.2387973708304227,30.539260780663717,False,False,SAFE
WS_AnGiang_04,Trạm Khí tượng Rạch Giá,An Giang,10.0118,105.0772,2026-07-02T15:00:00+00:00,2026-07-02T22:00:00+07:00,0.040394555497902274,0.013464851832634092,21.939867557298793,False,False,SAFE
WS_AnGiang_04,Trạm Khí tượng Rạch Giá,An Giang,10.0118,105.0772,2026-07-02T18:00:00+00:00,2026-07-03T01:00:00+07:00,0.0951541734061499,0.03171805780204997,17.261109269997515,False,False,SAFE
WS_AnGiang_04,Trạm Khí tượng Rạch Giá,An Giang,10.0118,105.0772,2026-07-02T21:00:00+00:00,2026-07-03T04:00:00+07:00,0.03968348490860078,0.013227828302866928,15.119572948393442,False,False,SAFE
WS_AnGiang_04,Trạm Khí tượng Rạch Giá,An Giang,10.0118,105.0772,2026-07-03T00:00:00+00:00,2026-07-03T07:00:00+07:00,1.0570890301218085,0.35236301004060283,15.325941434980534,False,False,SAFE
WS_AnGiang_04,Trạm Khí tượng Rạch Giá,An Giang,10.0118,105.0772,2026-07-03T03:00:00+00:00,2026-07-03T10:00:00+07:00,0,0.0,15.229235834834066,False,False,SAFE
WS_AnGiang_04,Trạm Khí tượng Rạch Giá,An Giang,10.0118,105.0772,2026-07-03T06:00:00+00:00,2026-07-03T13:00:00+07:00,0,0.0,9.927680266731878,False,False,SAFE
WS_AnGiang_04,Trạm Khí tượng Rạch Giá,An Giang,10.0118,105.0772,2026-07-03T09:00:00+00:00,2026-07-03T16:00:00+07:00,1.943578579058165,0.6478595263527217,9.892291935483895,False,False,SAFE
WS_AnGiang_04,Trạm Khí tượng Rạch Giá,An Giang,10.0118,105.0772,2026-07-03T12:00:00+00:00,2026-07-03T19:00:00+07:00,9.108347384563803,3.036115794854601,12.28424720755643,False,False,SAFE
WS_AnGiang_04,Trạm Khí tượng Rạch Giá,An Giang,10.0118,105.0772,2026-07-03T15:00:00+00:00,2026-07-03T22:00:00+07:00,0,0.0,12.243852652058528,False,False,SAFE
WS_AnGiang_04,Trạm Khí tượng Rạch Giá,An Giang,10.0118,105.0772,2026-07-03T18:00:00+00:00,2026-07-04T01:00:00+07:00,0.2461597094638076,0.08205323648793587,12.394858188116185,False,False,SAFE
WS_AnGiang_04,Trạm Khí tượng Rạch Giá,An Giang,10.0118,105.0772,2026-07-03T21:00:00+00:00,2026-07-04T04:00:00+07:00,0.9043955992309282,0.3014651997436427,13.259570302438513,False,False,SAFE
WS_AnGiang_04,Trạm Khí tượng Rạch Giá,An Giang,10.0118,105.0772,2026-07-04T00:00:00+00:00,2026-07-04T07:00:00+07:00,1.135938857692246,0.37864628589741534,13.33842013000895,False,False,SAFE
WS_AnGiang_04,Trạm Khí tượng Rạch Giá,An Giang,10.0118,105.0772,2026-07-04T03:00:00+00:00,2026-07-04T10:00:00+07:00,3.316634339427011,1.1055447798090037,16.65505446943596,False,False,SAFE
WS_AnGiang_04,Trạm Khí tượng Rạch Giá,An Giang,10.0118,105.0772,2026-07-04T06:00:00+00:00,2026-07-04T13:00:00+07:00,15.389090249336373,5.129696749778791,32.04414471877233,False,False,SAFE
WS_AnGiang_04,Trạm Khí tượng Rạch Giá,An Giang,10.0118,105.0772,2026-07-04T09:00:00+00:00,2026-07-04T16:00:00+07:00,0.307412335581534,0.10247077852717801,30.407978475295703,False,False,SAFE
WS_AnGiang_04,Trạm Khí tượng Rạch Giá,An Giang,10.0118,105.0772,2026-07-04T12:00:00+00:00,2026-07-04T19:00:00+07:00,0,0.0,21.299631090731904,False,False,SAFE
WS_AnGiang_04,Trạm Khí tượng Rạch Giá,An Giang,10.0118,105.0772,2026-07-04T15:00:00+00:00,2026-07-04T22:00:00+07:00,0,0.0,21.299631090731904,False,False,SAFE
WS_AnGiang_04,Trạm Khí tượng Rạch Giá,An Giang,10.0118,105.0772,2026-07-04T18:00:00+00:00,2026-07-05T01:00:00+07:00,1.003112308114941,0.33437076937164695,22.056583689383032,False,False,SAFE
WS_AnGiang_04,Trạm Khí tượng Rạch Giá,An Giang,10.0118,105.0772,2026-07-04T21:00:00+00:00,2026-07-05T04:00:00+07:00,0,0.0,21.152188090152105,False,False,SAFE
WS_AnGiang_04,Trạm Khí tượng Rạch Giá,An Giang,10.0118,105.0772,2026-07-05T00:00:00+00:00,2026-07-05T07:00:00+07:00,0,0.0,20.01624923245986,False,False,SAFE
WS_AnGiang_04,Trạm Khí tượng Rạch Giá,An Giang,10.0118,105.0772,2026-07-05T03:00:00+00:00,2026-07-05T10:00:00+07:00,0.09705036164433907,0.03235012054811302,16.796665254677187,False,False,SAFE
WS_AnGiang_04,Trạm Khí tượng Rạch Giá,An Giang,10.0118,105.0772,2026-07-05T06:00:00+00:00,2026-07-05T13:00:00+07:00,2.835067169713531,0.9450223899045103,4.242642175054344,False,False,SAFE
WS_AnGiang_04,Trạm Khí tượng Rạch Giá,An Giang,10.0118,105.0772,2026-07-05T09:00:00+00:00,2026-07-05T16:00:00+07:00,0.7326181829279989,0.24420606097599962,4.667848022400809,False,False,SAFE
WS_AnGiang_04,Trạm Khí tượng Rạch Giá,An Giang,10.0118,105.0772,2026-07-05T12:00:00+00:00,2026-07-05T19:00:00+07:00,0,0.0,4.667848022400809,False,False,SAFE
WS_AnGiang_04,Trạm Khí tượng Rạch Giá,An Giang,10.0118,105.0772,2026-07-05T15:00:00+00:00,2026-07-05T22:00:00+07:00,1.1374184591205436,0.3791394863735145,5.805266481521353,False,False,SAFE
WS_AnGiang_04,Trạm Khí tượng Rạch Giá,An Giang,10.0118,105.0772,2026-07-05T18:00:00+00:00,2026-07-06T01:00:00+07:00,0.49858258613838363,0.1661941953794612,5.3007367595447965,False,False,SAFE
